{
    "surveyTypes" :
    [
        {
            "name": "Sales Opportunities",
            "id": 1,
            "superCategories" :
            [
                {
                    "name" : "Customer Retention",
                    "id"   : 1,
                    "categories" :
                     [
                        {
                            "name" : "Pricing(Rates/Structure)",
                            "id"   : 1,
                            "subCategories" :
                            [
                                {
                                    "name" :"FFP/Credit Line Utiliztion",
                                    "id"   : 1
                                },
                                {
                                    "name" :"Interest Rate",
                                    "id"   : 2
                                },
                                {
                                    "name" :"OEM Agreements",
                                    "id"   : 3
                                },
                                {
                                    "name" :"Due In Full",
                                    "id"   : 4
                                },
                                {
                                    "name" :"Curtailments",
                                    "id"   : 5
                                },
                                {
                                    "name" :"Other",
                                    "id"   : 6
                                }
                            ]
                        },
                        {
                            "name" : "Change Of Ownsership",
                            "id"   : 2
                        },
                        {
                            "name" : "Competitive Threat",
                            "id"   : 3,
                            "subCategories" :
                            [
                                {
                                    "name" :"Customer Satisfaction",
                                    "id"   : 7,
                                    "topics":
                                    [
                                        {
                                            "name" : "Miscommunication (Non GE)",
                                            "id"   : 1
                                        },
                                        {
                                            "name" : "Policies/Procedures",
                                            "id"   : 2
                                        },
                                        {
                                            "name" : "Ease Of Doing Business",
                                            "id"   : 3
                                        }
                                    ]
                                },
                                {
                                    "name" :"Technology Amenities",
                                    "id"   : 8
                                } ,
                                {
                                    "name" :"Adverse Media",
                                    "id"   : 9
                                },
                                {
                                    "name" :"Local Bank/Finance Company",
                                    "id"   : 10
                                },
                                {
                                    "name" :"Other",
                                    "id"   : 10
                                }
                             ]
                         }
                     ]
                },
                {
                    "name" : "Flooring Opportunity",
                    "id"   : 3,
                    "categories" :
                    [
                        {
                            "name" : "New Product Line",
                            "id"   : 4
                        },
                        {
                            "name" :"Open Account",
                            "id"   : 5
                        },
                        {
                            "name" :"Buyout Opportunity",
                            "id"   : 6
                        },
                        {
                            "name" : "Pre-Owned",
                            "id"   : 7
                        },
                        {
                            "name" : "Rental Program",
                            "id"   : 8
                        },
                        {
                            "name" : "New Relationship Development",
                            "id"   : 9,
                            "subCategories" :
                            [
                                {
                                    "name" :"New Market Growth",
                                    "id"   : 7
                                },
                                {
                                    "name" :"New Products",
                                    "id"   : 7
                                },
                                {
                                    "name" :"Existing Market Growth",
                                    "id"   : 7
                                }
                             ]
                        }
                     ]
             },
             {
                "name" : "Credit Line Increase",
                "id"   : 4,
                "categories" :
                [
                    {
                        "name" : "Redistributor Of Credit Line",
                        "id"   : 4
                    },
                    {
                        "name" :"Increase of specific OEM",
                        "id"   : 5
                    },
                    {
                        "name" :"Temorary Increase",
                        "id"   : 6,
                        "subCategories" :
                        [
                            {
                                "name" :"Special Circumstance",
                                "id"   : 7
                            },
                            {
                                "name" :"Seasonal",
                                "id"   : 7
                            },
                            {
                                "name" :"Other",
                                "id"   : 7
                            }
                         ]
                 
                    }
                 ]
             },
             {
                "name" : "New Market Product",
                "id"   : 3,
                "categories" :
                [
                    {
                        "name" : "New Market Growth",
                        "id"   : 4
                    },
                    {
                        "name" :"New Product",
                        "id"   : 5
                    },
                    {
                        "name" :"Existing Market Growth",
                        "id"   : 6
                    }
                 ]
             }
        ]
        },
        {
            "name" : "Customer Experience",
            "id": 2,
            "superCategories" :
            [
                {
                    "name" : "CX",
                    "id"   : 1,
                    "categories" :
                    [
                        {
                            "name" : "Timely Response",
                            "id"   : 1,
                            "subCategories" :
                            [
                                {
                                    "name" :"Returned Calls",
                                    "id"   : 1
                                },
                                {
                                    "name" :"Issue Resolution",
                                    "id"   : 2
                                },
                                {
                                    "name" :"Other",
                                    "id"   : 6
                                }
                             ]
                     },
                     {
                        "name" : "General Customer Service",
                        "id"   : 2,
                        "subCategories" :
                        [
                            {
                                "name" :"Account Manager",
                                "id"   : 1
                            },
                            {
                                "name" :"Field Services",
                                "id"   : 2
                            },
                            {
                                "name" :"Commercial",
                                "id"   : 2
                            },
                            {
                                "name" :"OEM",
                                "id"   : 2
                            },
                            {
                                "name" :"Other",
                                "id"   : 6
                            }
                         ]
                     
                     },
                     {
                        "name" : "COMS",
                        "id"   : 3,
                        "subCategories" :
                        [
                            {
                                "name" :"Issue",
                                "id"   : 7
                            },
                            {
                                "name" :"Enhancement",
                                "id"   : 8
                            } ,
                            {
                                "name" :"Other",
                                "id"   : 9
                            }
                        ]
                     },
                     {
                        "name" : "Ease Of Doing Business",
                        "id"   : 3,
                        "subCategories" :
                            [
                                {
                                    "name" :"Documentation",
                                    "id"   : 7
                                },
                                {
                                    "name" :"Structure",
                                    "id"   : 8
                                } ,
                                {
                                    "name" :"Other",
                                    "id"   : 9
                                }
                             ]
                     },
                     {
                        "name" : "Purchasing Invoice",
                        "id"   : 3,
                        "subCategories" :
                        [
                            {
                                "name" :"Pre Approved Coding (Demo Etc.)",
                                "id"   : 7
                            },
                            {
                                "name" :"Model/Serial Numbers",
                                "id"   : 8
                            } ,
                            {
                                "name" :"Billing Corrections",
                                "id"   : 8
                            } ,
                            {
                                "name" :"Other",
                                "id"   : 9
                            }
                         ]
                     },
                     {
                        "name" : "Cash Application",
                        "id"   : 3,
                        "subCategories" :
                        [
                            {
                                "name" :"Trade Ins",
                                "id"   : 7
                            },
                            {
                                "name" :"Refunds",
                                "id"   : 8
                            } ,
                            {
                                "name" :"Credit Memo Delays",
                                "id"   : 8
                            } ,
                            {
                                "name" :"Other",
                                "id"   : 9
                            }
                         ]
                     },
                     {
                        "name" : "Manufacturing Escalations",
                        "id"   : 3,
                        "subCategories" :
                        [
                            {
                                "name" :"Shipment Delays",
                                "id"   : 7
                            },
                            {
                                "name" :"Unidentifiable Inventory",
                                "id"   : 8
                            } ,
                            {
                                "name" :"Other",
                                "id"   : 9
                            }
                         ]
                     }
                ]
             }
        ]
    }
    ]
}